hash_short,label,name,edad,sexo,peso_nino,distrito,nucleo,ciudad,primera_consulta,seguimiento,atenciones,closed,fecha_atencion,prox_atencion,lat,lon,adolescente
84a7c0,kevenhaag_na_1,Keven Haag,NA,Femenino,0.36,3,0,4,NA,24,2,TRUE,NA,NA,-3.870199546292424,-73.49044785160571,NA
2fbedc,na_na_1,NA,NA,Femenino,4.99,0,0,2,1974-07-08,12,1,FALSE,1974-07-13,1974-07-20,-3.87001404822804,-73.51411545118084,NA
0fce8d,na_10_0,NA,10,Masculino,1.58,1,0,NA,1989-06-19,24,6,TRUE,1989-06-24,1989-07-01,NA,NA,No
66c626,angelicaparisian_11_1,Angelica Parisian,11,Femenino,NA,2,2,10,NA,NA,6,FALSE,NA,NA,-3.8467084563616663,-73.52189109220403,No
e3c641,na_9_0,NA,9,Masculino,NA,NA,1,9,1985-02-26,22,NA,FALSE,1985-03-05,1985-03-12,NA,NA,No
f1c584,na_14_0,NA,14,Masculino,NA,2,1,NA,1972-04-30,7,3,TRUE,1972-05-07,1972-05-14,-3.8448599891923365,-73.49514583943876,Si
0957dc,jorgeandersondaugherty_14_1,Jorge Anderson-Daugherty,14,Femenino,NA,2,1,2,NA,NA,NA,TRUE,NA,NA,NA,NA,Si
f9a885,savillalueilwitz_na_0,Savilla Lueilwitz,NA,Masculino,NA,3,1,NA,1989-11-03,NA,0,TRUE,1989-11-11,1989-11-18,-3.8408694946207103,-73.50556519668083,NA
d26b0d,meghannstanton_na_0,Meghann Stanton,NA,Masculino,4.38,1,4,7,NA,20,NA,TRUE,NA,NA,-3.8497277808841317,-73.53456505535637,NA
41a8ce,addisynpaucek_9_1,Addisyn Paucek,9,Femenino,2.57,2,4,NA,1978-02-03,18,9,TRUE,1978-02-13,1978-02-20,-3.865783942574635,-73.51147221521009,No
c7c6de,clevelandheaney_na_na,Cleveland Heaney,NA,NA,3.32,1,4,3,2013-07-18,24,5,TRUE,2013-07-23,2013-07-30,-3.874148036558181,-73.53821958028479,NA
208a2f,cruzvon_na_1,Cruz Von,NA,Femenino,4.3,1,3,9,NA,15,8,FALSE,NA,NA,-3.8681700671184807,-73.50740625563543,NA
bdb3bc,mrssamathaprice_12_1,Mrs. Samatha Price,12,Femenino,2.88,2,3,1,NA,17,9,FALSE,NA,NA,-3.853332605557516,-73.51287420942448,No
3ed028,escocronin_na_1,Esco Cronin,NA,Femenino,0.65,NA,NA,4,2011-08-21,25,5,FALSE,NA,NA,NA,NA,NA
150d44,illyakihndds_10_0,Illya Kihn d.d.s.,10,Masculino,0.36,NA,1,1,1988-08-02,19,1,TRUE,1988-08-12,1988-08-19,-3.8778760408237574,-73.52401542822831,No
bb58b9,carlenewuckertphd_10_1,Carlene Wuckert PhD,10,Femenino,3.12,NA,3,8,1971-01-24,22,NA,TRUE,1971-01-31,1971-02-07,-3.8464037110470235,-73.50301228166558,No
e41171,ivymorar_14_0,Ivy Morar,14,Masculino,4.37,NA,NA,6,2002-01-03,20,0,TRUE,2002-01-12,2002-01-19,NA,NA,Si
0728f7,msjerushagreendvm_na_0,Ms Jerusha Green DVM,NA,Masculino,1.02,0,0,7,1990-03-05,NA,7,TRUE,1990-03-15,1990-03-22,-3.870864357724786,-73.51296692470554,NA
ce962a,toccaralakin_9_1,Toccara Lakin,9,Femenino,NA,3,0,0,2003-06-29,22,9,FALSE,2003-07-06,2003-07-13,-3.8717806495167313,-73.4941479389998,No
10d481,na_8_0,NA,8,Masculino,3.34,1,4,6,2016-10-15,NA,10,FALSE,2016-10-22,2016-10-29,-3.8751694344356653,-73.5168087577424,No
ccf880,cleomayer_11_na,Cleo Mayer,11,NA,0.4,2,2,6,1992-12-16,7,1,FALSE,1992-12-21,1992-12-28,NA,NA,No
0982ba,na_14_1,NA,14,Femenino,3.73,NA,0,0,1997-05-21,26,8,FALSE,1997-05-30,1997-06-06,-3.8654501508921384,-73.53807076471625,Si
009fa0,harukolebsack_7_0,Haruko Lebsack,7,Masculino,NA,1,1,3,NA,27,10,TRUE,NA,NA,-3.86612456664443,-73.53454613993877,No
9fc688,eliasbotsford_12_0,Elias Botsford,12,Masculino,NA,0,1,NA,NA,14,3,TRUE,NA,NA,-3.8697003608662635,-73.51199904721929,No
69bc45,erynokeefe_8_0,Eryn O'Keefe,8,Masculino,0.89,3,NA,7,1982-06-30,30,6,TRUE,1982-07-06,1982-07-13,-3.840907619576901,-73.49649273175513,No
adc201,drdenniefaheyii_8_1,Dr. Dennie Fahey II,8,Femenino,3.5,1,0,4,2004-05-29,25,2,TRUE,2004-06-08,2004-06-15,NA,NA,No
ea21af,senecagraham_10_na,Seneca Graham,10,NA,2.36,1,2,NA,NA,7,NA,FALSE,NA,NA,-3.8618102817703037,-73.50193861096399,No
8c846b,drbrannonkuhic_na_0,Dr. Brannon Kuhic,NA,Masculino,1.94,2,4,7,2014-04-18,8,NA,TRUE,2014-04-24,2014-05-01,-3.850732798203826,-73.51007310074986,NA
69e671,na_9_1,NA,9,Femenino,6.36,0,NA,NA,2007-07-12,21,9,TRUE,NA,NA,-3.849176728632301,-73.49272136429558,No
4b4c82,tremaynegleichnerdds_8_1,Tremayne Gleichner d.d.s.,8,Femenino,2.45,0,1,0,1994-12-14,13,7,FALSE,1994-12-19,1994-12-26,NA,NA,No
e9daf7,na_13_0,NA,13,Masculino,2.46,1,3,6,1994-08-20,24,6,FALSE,1994-08-29,1994-09-05,-3.8648341789282856,-73.50612792488886,Si
6f2343,sherrillrussel_10_1,Sherrill Russel,10,Femenino,2.39,0,4,1,1983-09-18,15,3,TRUE,1983-09-28,1983-10-05,-3.8401110195182264,-73.5361925014155,No
1bc9a4,boysiebartoletti_na_0,Boysie Bartoletti,NA,Masculino,3.39,2,1,0,2010-01-10,NA,NA,FALSE,2010-01-18,2010-01-25,-3.8753002928849307,-73.53688051840058,NA
84a7c0,kevenhaag_na_1,Keven Haag,NA,Femenino,0.36,3,0,4,NA,24,2,TRUE,NA,NA,-3.870199546292424,-73.49044785160571,NA
2fbedc,na_na_1,NA,NA,Femenino,4.99,0,0,2,1974-07-08,12,1,FALSE,1974-07-13,1974-07-20,-3.87001404822804,-73.51411545118084,NA
0fce8d,na_10_0,NA,10,Masculino,1.58,1,0,NA,1989-06-19,24,6,TRUE,1989-06-24,1989-07-01,NA,NA,No
66c626,angelicaparisian_11_1,Angelica Parisian,11,Femenino,NA,2,2,10,NA,NA,6,FALSE,NA,NA,-3.8467084563616663,-73.52189109220403,No
e3c641,na_9_0,NA,9,Masculino,NA,NA,1,9,1985-02-26,22,NA,FALSE,1985-03-05,1985-03-12,NA,NA,No
f1c584,na_14_0,NA,14,Masculino,NA,2,1,NA,1972-04-30,7,3,TRUE,1972-05-07,1972-05-14,-3.8448599891923365,-73.49514583943876,Si
